vocals,instrumental,score,CLAP,normalized_score,normalized_CLAP,MERT,normalized_MERT
Bam Bam - Hi-Q,Bam Bam - Hi-Q,45.75467491149902,0.9999999,-1.7494240939286416,2.1973503,0.8587324,1.5064837
Bam Bam - Hi-Q,Benji Cossa - New Flowers (Fast 4-track Version),46.14532470703125,0.2555221,-1.6207601065363626,-0.3175962,-0.90114355,-1.5679599
Bam Bam - Hi-Q,Bessie Smith - My Sweetie Went Away,44.33564376831055,0.630813,-2.2167946319515948,0.9501872,-0.9265142,-1.6122816
Bam Bam - Hi-Q,David Rovics - We Just Want The World,46.341495513916016,0.28974235,-1.5561495051424283,-0.20199557,0.44014585,0.7752272
Bam Bam - Hi-Q,deef - Ein sonniger Tag mit dir,43.76459884643555,0.4594809,-2.4048733599295513,0.37140423,0.04819274,0.090498365
Bam Bam - Hi-Q,Dragon Or Emperor - Part of Me Says,44.53178596496582,0.21014184,-2.152193453591408,-0.47089687,0.92343354,1.6195143
Bam Bam - Hi-Q,Grand Mal - Children of Light,44.772796630859375,0.36741933,-2.072814445506467,0.060407776,0.73924094,1.2977362
Bam Bam - Hi-Q,Home Blitz - Secret Wave,45.4010009765625,0.34042245,-1.86590975250592,-0.030791335,-0.902802,-1.5708572
Bam Bam - Hi-Q,Josh Woodward - Cien Volando,44.80040740966797,0.5754385,-2.06372058973808,0.76312464,-0.7868567,-1.3683047
Bam Bam - Hi-Q,Los Steaks - Sunday Girls,46.32708930969238,0.28342047,-1.5608943167353149,-0.22335172,-0.90650606,-1.5773281
Bam Bam - Hi-Q,Mia Doi Todd - I gave you my home,45.37613296508789,0.39382046,-1.8741002534390665,0.14959437,0.4763524,0.8384788
Bam Bam - Hi-Q,Orange Peels - Grey Holiday,45.5531177520752,0.05230108,-1.815808738476064,-1.0041043,-0.84866554,-1.4762826
Bam Bam - Hi-Q,Poland - Lying Machine,45.142629623413086,0.39584437,-1.951006657468718,0.15643139,-0.919094,-1.5993187
Bam Bam - Hi-Q,Shearer - Itch,45.531532287597656,0.20389813,-1.8229181033372734,-0.49198893,-0.22333734,-0.3838555
Bam Bam - Hi-Q,Short Hand - Certain Strangers,46.17709732055664,0.33849317,-1.6102955134588697,-0.037308715,0.08475873,0.15437791
Bam Bam - Hi-Q,The Cute Lepers - Young Hearts,44.556339263916016,0.0817827,-2.1441066060294816,-0.9045114,0.85905635,1.5070497
Bam Bam - Hi-Q,The Embarrassment - Patio Set,43.29886436462402,0.3825261,-2.5582671570882245,0.11144048,-0.8732964,-1.5193119
Bam Bam - Hi-Q,The J Arthur Keenes Band - The Boring World of Niels Bohr,44.14180946350098,0.1995707,-2.2806356855895005,-0.5066076,-0.24030045,-0.41348946
Bam Bam - Hi-Q,The Oranges Band - Ride the Nuclear Wave,44.30859375,0.47688478,-2.225703796258535,0.43019685,0.79068726,1.3876112
Bam Bam - Hi-Q,Wann - Happy Birthday,46.03993034362793,0.3653359,-1.6554726782546383,0.0533697,0.9359467,1.6413745
Bam Bam - Hi-Q,ZOELEELA - Jewel,45.63369178771973,0.44929692,-1.7892709626346919,0.33700135,0.41860977,0.7376044
Benji Cossa - New Flowers (Fast 4-track Version),Bam Bam - Hi-Q,53.70245552062988,0.2555221,0.8682481941026824,-0.3175962,-0.9019796,-1.5694206
Benji Cossa - New Flowers (Fast 4-track Version),Benji Cossa - New Flowers (Fast 4-track Version),54.15414237976074,1.0000001,1.0170152816914348,2.197351,0.8383426,1.4708635
Benji Cossa - New Flowers (Fast 4-track Version),Bessie Smith - My Sweetie Went Away,48.78210639953613,0.21968828,-0.752312585711657,-0.4386477,0.9082801,1.5930418
Benji Cossa - New Flowers (Fast 4-track Version),David Rovics - We Just Want The World,55.04233551025391,0.33861855,1.3095495951626288,-0.03688517,-0.48526576,-0.84143555
Benji Cossa - New Flowers (Fast 4-track Version),deef - Ein sonniger Tag mit dir,51.38984680175781,0.237584,0.10656992765729709,-0.37819353,-0.25159055,-0.43321288
Benji Cossa - New Flowers (Fast 4-track Version),Dragon Or Emperor - Part of Me Says,53.26728248596192,0.6931832,0.7249200815928694,1.1608821,-0.8673311,-1.5088907
Benji Cossa - New Flowers (Fast 4-track Version),Grand Mal - Children of Light,52.98554611206055,0.22189566,0.6321276990697805,-0.43119085,-0.6912781,-1.2013321
Benji Cossa - New Flowers (Fast 4-track Version),Home Blitz - Secret Wave,54.29467391967773,0.8347631,1.0633005952558827,1.6391582,0.8664229,1.5199187
Benji Cossa - New Flowers (Fast 4-track Version),Josh Woodward - Cien Volando,53.368391036987305,0.3617301,0.7582210828557981,0.041188776,0.8321788,1.4600954
Benji Cossa - New Flowers (Fast 4-track Version),Los Steaks - Sunday Girls,54.82068634033203,0.72771966,1.2365474681156032,1.2775509,0.8745483,1.5341135
Benji Cossa - New Flowers (Fast 4-track Version),Mia Doi Todd - I gave you my home,53.09055519104004,0.36088032,0.6667133739335925,0.038318094,-0.6383484,-1.1088657
Benji Cossa - New Flowers (Fast 4-track Version),Orange Peels - Grey Holiday,53.05796813964844,0.011097653,0.6559805384954265,-1.143295,0.9183027,1.610551
Benji Cossa - New Flowers (Fast 4-track Version),Poland - Lying Machine,53.73340606689453,0.21428144,0.8784420320105032,-0.45691273,0.9435832,1.6547152
Benji Cossa - New Flowers (Fast 4-track Version),Shearer - Itch,53.21544647216797,0.51224875,0.7078474290495228,0.54966116,0.35557878,0.62749135
Benji Cossa - New Flowers (Fast 4-track Version),Short Hand - Certain Strangers,54.75831031799317,0.24146242,1.216003369939759,-0.36509168,0.042569548,0.08067484
Benji Cossa - New Flowers (Fast 4-track Version),The Cute Lepers - Young Hearts,52.34031295776367,0.02483496,0.4196144163828452,-1.0968885,-0.9051368,-1.574936
Benji Cossa - New Flowers (Fast 4-track Version),The Embarrassment - Patio Set,52.03104019165039,0.17938147,0.3177526779791147,-0.5748095,0.77835476,1.3660667
Benji Cossa - New Flowers (Fast 4-track Version),The J Arthur Keenes Band - The Boring World of Niels Bohr,52.19847297668457,-0.00514968,0.3728981560750189,-1.1981808,0.46209306,0.8135682
Benji Cossa - New Flowers (Fast 4-track Version),The Oranges Band - Ride the Nuclear Wave,52.78356742858887,0.20379871,0.5656042218251457,-0.4923248,-0.9024936,-1.5703185
Benji Cossa - New Flowers (Fast 4-track Version),Wann - Happy Birthday,54.93455123901367,0.7970794,1.274049886025327,1.5118575,-0.87852347,-1.5284435
Benji Cossa - New Flowers (Fast 4-track Version),ZOELEELA - Jewel,52.893104553222656,0.25472736,0.6016812488300292,-0.3202809,-0.29423943,-0.507719
Bessie Smith - My Sweetie Went Away,Bam Bam - Hi-Q,56.97253227233887,0.630813,1.9452770797327033,0.9501872,0.8528134,1.4961435
Bessie Smith - My Sweetie Went Away,Benji Cossa - New Flowers (Fast 4-track Version),57.745975494384766,0.21968828,2.200017489450255,-0.4386477,-0.5376211,-0.9328985
Bessie Smith - My Sweetie Went Away,Bessie Smith - My Sweetie Went Away,53.13626480102539,1.0000001,0.6817682408505166,2.197351,-0.6811069,-1.1835634
Bessie Smith - My Sweetie Went Away,David Rovics - We Just Want The World,58.30327224731445,0.13398677,2.383568135611512,-0.72815895,0.2932829,0.5186626
Bessie Smith - My Sweetie Went Away,deef - Ein sonniger Tag mit dir,55.92647171020508,0.7519258,1.600747722448452,1.3593227,0.6055044,1.064103
Bessie Smith - My Sweetie Went Away,Dragon Or Emperor - Part of Me Says,55.77152824401856,0.18623118,1.5497157126843681,-0.5516703,0.49198222,0.8657836
Bessie Smith - My Sweetie Went Away,Grand Mal - Children of Light,56.28422546386719,0.70287746,1.7185771056380943,1.1936307,0.44173154,0.7779973
Bessie Smith - My Sweetie Went Away,Home Blitz - Secret Wave,56.77980041503906,0.29801503,1.8817991269951932,-0.17404935,-0.49048257,-0.8505491
Bessie Smith - My Sweetie Went Away,Josh Woodward - Cien Volando,57.01959419250488,0.73617494,1.9607773420447492,1.3061141,-0.5772585,-1.0021437
Bessie Smith - My Sweetie Went Away,Los Steaks - Sunday Girls,57.922950744628906,0.21826659,2.258305863402006,-0.44345033,-0.7140836,-1.2411726
Bessie Smith - My Sweetie Went Away,Mia Doi Todd - I gave you my home,57.25516319274902,0.6665101,2.038364089110955,1.0707768,0.57703626,1.0143701
Bessie Smith - My Sweetie Went Away,Orange Peels - Grey Holiday,56.975786209106445,-0.047663957,1.9463487927708951,-1.3417996,-0.85569024,-1.4885545
Bessie Smith - My Sweetie Went Away,Poland - Lying Machine,56.819183349609375,0.67637783,1.894770247049466,1.1041113,-0.8064222,-1.4024849
Bessie Smith - My Sweetie Went Away,Shearer - Itch,56.75725555419922,0.22343823,1.874373776402327,-0.42597982,-0.5714166,-0.9919382
Bessie Smith - My Sweetie Went Away,Short Hand - Certain Strangers,57.92691040039063,0.4703267,2.2596100112726334,0.40804276,-0.42080614,-0.72882676
Bessie Smith - My Sweetie Went Away,The Cute Lepers - Young Hearts,55.380367279052734,-0.0638494,1.4208833670891352,-1.3964763,0.71748054,1.2597215
Bessie Smith - My Sweetie Went Away,The Embarrassment - Patio Set,54.99840927124024,0.7477454,1.295082097349286,1.3452007,-0.50860924,-0.8822158
Bessie Smith - My Sweetie Went Away,The J Arthur Keenes Band - The Boring World of Niels Bohr,55.38156127929688,0.015997097,1.4212766216975246,-1.126744,-0.6649075,-1.1552635
Bessie Smith - My Sweetie Went Away,The Oranges Band - Ride the Nuclear Wave,55.87291145324707,0.84033966,1.583107175071271,1.6579965,0.7698985,1.3512938
Bessie Smith - My Sweetie Went Away,Wann - Happy Birthday,57.73952102661133,0.23841244,2.1978916530368657,-0.37539494,0.62814987,1.1036638
Bessie Smith - My Sweetie Went Away,ZOELEELA - Jewel,56.497684478759766,0.48317513,1.7888817322243926,0.4514465,-0.052847818,-0.08601606
David Rovics - We Just Want The World,Bam Bam - Hi-Q,50.1609001159668,0.28974235,-0.29819460235089573,-0.20199557,-0.764212,-1.3287451
David Rovics - We Just Want The World,Benji Cossa - New Flowers (Fast 4-track Version),50.49328804016113,0.33861855,-0.18871968088160282,-0.03688517,0.75913036,1.3324823
David Rovics - We Just Want The World,Bessie Smith - My Sweetie Went Away,45.13983726501465,0.13398677,-1.9519263455624536,-0.72815895,0.73968124,1.2985053
David Rovics - We Just Want The World,David Rovics - We Just Want The World,51.51968383789063,0.99999964,0.1493329112070117,2.1973495,-0.49826688,-0.864148
David Rovics - We Just Want The World,deef - Ein sonniger Tag mit dir,48.04151916503906,0.2433025,-0.996231583473818,-0.35887566,-0.17647755,-0.301993
David Rovics - We Just Want The World,Dragon Or Emperor - Part of Me Says,49.65497589111328,0.29161307,-0.46482524911551515,-0.19567601,-0.8371578,-1.456179
David Rovics - We Just Want The World,Grand Mal - Children of Light,49.3115234375,0.09435863,-0.5779443718360109,-0.8620282,-0.5084411,-0.88192207
David Rovics - We Just Want The World,Home Blitz - Secret Wave,50.56777191162109,0.32400686,-0.1641877548239043,-0.08624544,0.8631203,1.5141492
David Rovics - We Just Want The World,Josh Woodward - Cien Volando,49.767616271972656,0.37662113,-0.4277261370501754,0.09149268,0.8311311,1.4582652
David Rovics - We Just Want The World,Los Steaks - Sunday Girls,51.26366233825684,0.23019788,0.0650099514159915,-0.40314484,0.6542934,1.1493357
David Rovics - We Just Want The World,Mia Doi Todd - I gave you my home,49.52066040039063,0.15602815,-0.5090632515478013,-0.6537002,-0.7174889,-1.2471215
David Rovics - We Just Want The World,Orange Peels - Grey Holiday,49.39323043823242,0.2984976,-0.5510334438582436,-0.17241919,0.7440474,1.3061329
David Rovics - We Just Want The World,Poland - Lying Machine,50.16153526306152,0.21382175,-0.29798541100170584,-0.4584656,0.80791914,1.4177147
David Rovics - We Just Want The World,Shearer - Itch,49.94374084472656,0.57182664,-0.3697179413018438,0.7509233,0.43316156,0.7630259
David Rovics - We Just Want The World,Short Hand - Certain Strangers,51.13586616516113,0.11409365,0.022919144273583752,-0.7953606,-0.14928794,-0.25449368
David Rovics - We Just Want The World,The Cute Lepers - Young Hearts,49.12383460998535,0.28059614,-0.6397613578249981,-0.2328927,-0.8864211,-1.5422403
David Rovics - We Just Want The World,The Embarrassment - Patio Set,48.58688163757324,0.10060625,-0.816611598789681,-0.8409229,0.61188734,1.0752537
David Rovics - We Just Want The World,The J Arthur Keenes Band - The Boring World of Niels Bohr,48.65517807006836,0.31067607,-0.7941175608303945,-0.13127863,0.508673,0.8949418
David Rovics - We Just Want The World,The Oranges Band - Ride the Nuclear Wave,49.11257743835449,0.21251781,-0.6434690075034327,-0.46287048,-0.8724647,-1.517859
David Rovics - We Just Want The World,Wann - Happy Birthday,51.24458885192871,0.32343233,0.05872792891779426,-0.08818627,-0.6277284,-1.090313
David Rovics - We Just Want The World,ZOELEELA - Jewel,49.3286361694336,0.23641604,-0.5723081412506281,-0.38213906,-0.19019754,-0.32596138
deef - Ein sonniger Tag mit dir,Bam Bam - Hi-Q,44.624324798583984,0.4594809,-2.1217149650369156,0.37140423,-0.33659872,-0.5817193
deef - Ein sonniger Tag mit dir,Benji Cossa - New Flowers (Fast 4-track Version),45.39055824279785,0.237584,-1.8693491598236818,-0.37819353,-0.09316946,-0.1564566
deef - Ein sonniger Tag mit dir,Bessie Smith - My Sweetie Went Away,43.3883056640625,0.7519258,-2.528808868987439,1.3593227,-0.025149062,-0.037627276
deef - Ein sonniger Tag mit dir,David Rovics - We Just Want The World,45.56813430786133,0.2433025,-1.8108629021632376,-0.35887566,-0.032228682,-0.04999513
deef - Ein sonniger Tag mit dir,deef - Ein sonniger Tag mit dir,43.68267822265625,1.0,-2.4318546465592985,2.1973507,-0.6972487,-1.2117625
deef - Ein sonniger Tag mit dir,Dragon Or Emperor - Part of Me Says,43.63719940185547,0.13011184,-2.4468335010039945,-0.74124897,0.18694797,0.33289903
deef - Ein sonniger Tag mit dir,Grand Mal - Children of Light,44.63602256774902,0.7177,-2.117862200638773,1.2437032,0.20368882,0.36214474
deef - Ein sonniger Tag mit dir,Home Blitz - Secret Wave,44.63561820983887,0.29046652,-2.1179953795157345,-0.19954923,-0.16020921,-0.27357277
deef - Ein sonniger Tag mit dir,Josh Woodward - Cien Volando,45.52719306945801,0.7043003,-1.8243472634556128,1.1984372,0.08088209,0.14760554
deef - Ein sonniger Tag mit dir,Los Steaks - Sunday Girls,45.71125984191895,0.17440635,-1.7637232335390305,-0.59161615,0.012733461,0.028552208
deef - Ein sonniger Tag mit dir,Mia Doi Todd - I gave you my home,44.77436065673828,0.5494852,-2.072299319661615,0.6754509,-0.28493655,-0.49146718
deef - Ein sonniger Tag mit dir,Orange Peels - Grey Holiday,45.32811737060547,-0.02010703,-1.8899146168760224,-1.2487086,0.33849818,0.59765214
deef - Ein sonniger Tag mit dir,Poland - Lying Machine,44.67474365234375,0.72994095,-2.1051090667651873,1.2850548,0.1575766,0.28158826
deef - Ein sonniger Tag mit dir,Shearer - Itch,43.1694564819336,0.17278516,-2.6008887951317248,-0.59709275,0.58898807,1.0352495
deef - Ein sonniger Tag mit dir,Short Hand - Certain Strangers,45.26191711425781,0.73799753,-1.9117182605627572,1.312271,0.5417821,0.9527822
deef - Ein sonniger Tag mit dir,The Cute Lepers - Young Hearts,41.76839256286621,-0.02907205,-3.062341667961381,-1.2789937,-0.14188397,-0.2415592
deef - Ein sonniger Tag mit dir,The Embarrassment - Patio Set,42.68953704833984,0.7620716,-2.7589545324223104,1.3935965,-0.18826528,-0.3225858
deef - Ein sonniger Tag mit dir,The J Arthur Keenes Band - The Boring World of Niels Bohr,44.107370376586914,-0.0071068984,-2.2919785054122412,-1.2047925,0.63001233,1.1069175
deef - Ein sonniger Tag mit dir,The Oranges Band - Ride the Nuclear Wave,43.57473564147949,0.8319177,-2.4674064964833327,1.629546,-0.26385114,-0.4546317
deef - Ein sonniger Tag mit dir,Wann - Happy Birthday,44.98067474365234,0.28281328,-2.004347938703143,-0.22540289,0.07362135,0.13492127
deef - Ein sonniger Tag mit dir,ZOELEELA - Jewel,44.90922927856445,0.63855904,-2.027879138576879,0.97635436,0.50305897,0.8851343
Dragon Or Emperor - Part of Me Says,Bam Bam - Hi-Q,51.74003601074219,0.21014184,0.22190786072415528,-0.47089687,-0.49978906,-0.8668072
Dragon Or Emperor - Part of Me Says,Benji Cossa - New Flowers (Fast 4-track Version),52.26156425476074,0.6931832,0.393677830094548,1.1608821,0.6999165,1.2290376
Dragon Or Emperor - Part of Me Says,Bessie Smith - My Sweetie Went Away,47.60512924194336,0.18623118,-1.1399604890190183,-0.5516703,0.6419402,1.127755
Dragon Or Emperor - Part of Me Says,David Rovics - We Just Want The World,52.943803787231445,0.29161307,0.618379492832481,-0.19567601,-0.38680005,-0.6694193
Dragon Or Emperor - Part of Me Says,deef - Ein sonniger Tag mit dir,51.08250999450684,0.13011184,0.005345814537135706,-0.74124897,0.22719646,0.40321177
Dragon Or Emperor - Part of Me Says,Dragon Or Emperor - Part of Me Says,51.130672454833984,1.0000002,0.021208549547325282,2.1973515,-0.6892874,-1.1978544
Dragon Or Emperor - Part of Me Says,Grand Mal - Children of Light,51.45990180969238,0.21260437,0.1296431680909171,-0.4625781,-0.56362545,-0.9783273
Dragon Or Emperor - Part of Me Says,Home Blitz - Secret Wave,51.9245491027832,0.5968365,0.282678889967193,0.83541,0.6571289,1.1542891
Dragon Or Emperor - Part of Me Says,Josh Woodward - Cien Volando,51.59668159484863,0.23848708,0.1746928078299723,-0.37514278,0.5372953,0.94494396
Dragon Or Emperor - Part of Me Says,Los Steaks - Sunday Girls,52.83589172363281,0.7601881,0.5828376941444438,1.3872337,0.6173034,1.0847154
Dragon Or Emperor - Part of Me Says,Mia Doi Todd - I gave you my home,51.777862548828125,0.34062836,0.23436636774257538,-0.030095762,-0.10963432,-0.18522015
Dragon Or Emperor - Part of Me Says,Orange Peels - Grey Holiday,51.54011154174805,0.20545746,0.15606095730257608,-0.4867213,0.52312773,0.92019373
Dragon Or Emperor - Part of Me Says,Poland - Lying Machine,52.08794021606445,0.2043505,0.3364932074957297,-0.49046078,0.53244716,0.93647444
Dragon Or Emperor - Part of Me Says,Shearer - Itch,51.43684196472168,0.36072016,0.12204820289059948,0.03777706,-0.13649939,-0.23215254
Dragon Or Emperor - Part of Me Says,Short Hand - Certain Strangers,52.64995574951172,0.15523061,0.5215980260230407,-0.6563944,-0.32052398,-0.5536372
Dragon Or Emperor - Part of Me Says,The Cute Lepers - Young Hearts,50.37527656555176,0.23381676,-0.22758781048243423,-0.39091977,-0.51628417,-0.8956236
Dragon Or Emperor - Part of Me Says,The Embarrassment - Patio Set,50.42742729187012,0.19287099,-0.21041150456786978,-0.52924013,0.6493199,1.1406472
Dragon Or Emperor - Part of Me Says,The J Arthur Keenes Band - The Boring World of Niels Bohr,51.1598014831543,0.1653136,0.03080245430656852,-0.6223327,-0.11477405,-0.1941991
Dragon Or Emperor - Part of Me Says,The Oranges Band - Ride the Nuclear Wave,51.290822982788086,0.18339217,0.07395555145341867,-0.5612609,-0.4210798,-0.72930485
Dragon Or Emperor - Part of Me Says,Wann - Happy Birthday,52.61946868896485,0.47243363,0.5115568412619284,0.41516027,-0.7532527,-1.3095996
Dragon Or Emperor - Part of Me Says,ZOELEELA - Jewel,51.4481372833252,0.11822031,0.12576841661403285,-0.78142023,-0.46615088,-0.80804247
Grand Mal - Children of Light,Bam Bam - Hi-Q,53.971391677856445,0.36741933,0.9568247113272303,0.060407776,-0.7154551,-1.2435685
Grand Mal - Children of Light,Benji Cossa - New Flowers (Fast 4-track Version),54.12761116027832,0.22189566,1.0082769883964458,-0.43119085,0.75178635,1.3196526
Grand Mal - Children of Light,Bessie Smith - My Sweetie Went Away,48.65534973144531,0.70287746,-0.7940610226279108,1.1936307,0.9014988,1.5811951
Grand Mal - Children of Light,David Rovics - We Just Want The World,55.2502555847168,0.09435863,1.378029922415449,-0.8620282,-0.24106984,-0.41483355
Grand Mal - Children of Light,deef - Ein sonniger Tag mit dir,52.35727310180664,0.7177,0.4252003907882401,1.2437032,0.0038838547,0.013092245
Grand Mal - Children of Light,Dragon Or Emperor - Part of Me Says,53.54642295837402,0.21260437,0.8168574808539493,-0.4625781,-0.739652,-1.2858397
Grand Mal - Children of Light,Grand Mal - Children of Light,53.56060028076172,0.9999997,0.8215269081768576,2.1973498,-0.8091505,-1.4072512
Grand Mal - Children of Light,Home Blitz - Secret Wave,53.85064888000488,0.27073842,0.9170569961046574,-0.2661934,0.7223401,1.268211
Grand Mal - Children of Light,Josh Woodward - Cien Volando,53.587228775024414,0.49459288,0.8302972397865874,0.4900172,0.5614786,0.9871914
Grand Mal - Children of Light,Los Steaks - Sunday Girls,54.72847366333008,0.26904857,1.2061764021458303,-0.27190194,0.967281,1.6961144
Grand Mal - Children of Light,Mia Doi Todd - I gave you my home,53.544429779052734,0.7313485,0.8162010095028879,1.2898097,-0.3488345,-0.60309476
Grand Mal - Children of Light,Orange Peels - Grey Holiday,53.45487022399902,0.10181616,0.7867037728626138,-0.8368356,0.71492016,1.2552485
Grand Mal - Children of Light,Poland - Lying Machine,53.511680603027344,0.83615917,0.8054147768734873,1.6438743,0.8305179,1.4571939
Grand Mal - Children of Light,Shearer - Itch,53.1331958770752,0.11807723,0.6807574634305593,-0.7819035,0.016868962,0.035776787
Grand Mal - Children of Light,Short Hand - Certain Strangers,54.880130767822266,0.5554472,1.2561260194334776,0.6955914,0.039348733,0.075048186
Grand Mal - Children of Light,The Cute Lepers - Young Hearts,52.56524848937988,0.07095255,0.49369893590630737,-0.941097,-0.65728253,-1.141943
Grand Mal - Children of Light,The Embarrassment - Patio Set,52.542236328125,0.92361546,0.48611967576223525,1.9393133,0.856432,1.502465
Grand Mal - Children of Light,The J Arthur Keenes Band - The Boring World of Niels Bohr,52.775047302246094,-0.046933074,0.562798042375202,-1.3393307,0.058673672,0.1088082
Grand Mal - Children of Light,The Oranges Band - Ride the Nuclear Wave,52.8621883392334,0.74444985,0.5914987185627051,1.3340678,-0.62946916,-1.093354
Grand Mal - Children of Light,Wann - Happy Birthday,54.89185333251953,0.22032289,1.259986950460868,-0.4365039,-0.9368321,-1.6303066
Grand Mal - Children of Light,ZOELEELA - Jewel,53.61163902282715,0.43180522,0.8383369721797772,0.27791202,-0.509156,-0.88317096
Home Blitz - Secret Wave,Bam Bam - Hi-Q,52.54851150512695,0.34042245,0.4881864611641414,-0.030791335,0.95654744,1.6773633
Home Blitz - Secret Wave,Benji Cossa - New Flowers (Fast 4-track Version),52.94687080383301,0.8347631,0.6193896420501908,1.6391582,-0.80648714,-1.4025984
Home Blitz - Secret Wave,Bessie Smith - My Sweetie Went Away,47.32087516784668,0.29801503,-1.2335820985118664,-0.17404935,-0.8198465,-1.4259367
Home Blitz - Secret Wave,David Rovics - We Just Want The World,54.08444213867188,0.32400686,0.9940588868762836,-0.08624544,0.48527145,0.85406005
Home Blitz - Secret Wave,deef - Ein sonniger Tag mit dir,50.41348457336426,0.29046652,-0.21500366301405024,-0.19954923,0.43567914,0.767424
Home Blitz - Secret Wave,Dragon Or Emperor - Part of Me Says,52.16686630249024,0.5968365,0.3624882165932625,0.83541,0.8128068,1.4262532
Home Blitz - Secret Wave,Grand Mal - Children of Light,52.00448989868164,0.27073842,0.3090081026616274,-0.2661934,0.5074378,0.892784
Home Blitz - Secret Wave,Home Blitz - Secret Wave,53.14250183105469,0.99999994,0.6838224622074263,2.1973507,-0.8129451,-1.4138802
Home Blitz - Secret Wave,Josh Woodward - Cien Volando,52.26325225830078,0.37963393,0.3942337890856382,0.10167035,-0.8307208,-1.4449338
Home Blitz - Secret Wave,Los Steaks - Sunday Girls,53.79254341125488,0.79969,0.8979194427661565,1.5206765,-0.7925932,-1.378326
Home Blitz - Secret Wave,Mia Doi Todd - I gave you my home,51.914649963378906,0.39650345,0.27941852029062986,0.15865785,0.67773896,1.1902943
Home Blitz - Secret Wave,Orange Peels - Grey Holiday,51.88193702697754,-0.097835876,0.2686442235039758,-1.5112872,-0.9305016,-1.6192474
Home Blitz - Secret Wave,Poland - Lying Machine,52.65811538696289,0.2813447,0.5242854752477685,-0.23036392,-0.9215613,-1.603629
Home Blitz - Secret Wave,Shearer - Itch,52.20285034179688,0.60498565,0.37433988023835696,0.86293894,-0.5497296,-0.9540517
Home Blitz - Secret Wave,Short Hand - Certain Strangers,53.60972785949707,0.30140042,0.8377075135254581,-0.16261302,-0.13946453,-0.23733252
Home Blitz - Secret Wave,The Cute Lepers - Young Hearts,51.24964141845703,-0.1518813,0.06039203667756609,-1.6938599,0.93366396,1.6373866
Home Blitz - Secret Wave,The Embarrassment - Patio Set,51.19732284545898,0.25520384,0.04316044896501517,-0.31867132,-0.65332085,-1.135022
Home Blitz - Secret Wave,The J Arthur Keenes Band - The Boring World of Niels Bohr,51.26737594604492,-0.03222326,0.0662330611963877,-1.2896389,-0.6060754,-1.0524858
Home Blitz - Secret Wave,The Oranges Band - Ride the Nuclear Wave,51.51648139953613,0.30463827,0.14827815962956242,-0.15167515,0.9167761,1.607884
Home Blitz - Secret Wave,Wann - Happy Birthday,53.75798606872559,0.8758752,0.8865376744039294,1.7780404,0.75858134,1.3315232
Home Blitz - Secret Wave,ZOELEELA - Jewel,51.80030822753906,0.28905463,0.24175905181845112,-0.20431878,0.06715718,0.123628594
Josh Woodward - Cien Volando,Bam Bam - Hi-Q,50.68613052368164,0.5754385,-0.12520529241360337,0.76312464,-0.5129043,-0.88971907
Josh Woodward - Cien Volando,Benji Cossa - New Flowers (Fast 4-track Version),51.25904846191406,0.3617301,0.06349033017367581,0.041188776,0.69745904,1.2247446
Josh Woodward - Cien Volando,Bessie Smith - My Sweetie Went Away,46.5019588470459,0.73617494,-1.5032994780673645,1.3061141,0.7739064,1.3582956
Josh Woodward - Cien Volando,David Rovics - We Just Want The World,52.09739303588867,0.37662113,0.3396065778458351,0.09149268,-0.16141562,-0.27568033
Josh Woodward - Cien Volando,deef - Ein sonniger Tag mit dir,48.83577346801758,0.7043003,-0.7346368590084861,1.1984372,0.2675374,0.47368604
Josh Woodward - Cien Volando,Dragon Or Emperor - Part of Me Says,50.26861190795898,0.23848708,-0.26271876489909185,-0.37514278,-0.71930045,-1.2502862
Josh Woodward - Cien Volando,Grand Mal - Children of Light,49.82120132446289,0.49459288,-0.4100774230437467,0.4900172,-0.7609012,-1.3229613
Josh Woodward - Cien Volando,Home Blitz - Secret Wave,50.9619255065918,0.37963393,-0.03436975989870455,0.10167035,0.68265164,1.1988766
Josh Woodward - Cien Volando,Josh Woodward - Cien Volando,50.592376708984375,0.9999999,-0.15608394580123056,2.1973503,0.44884074,0.79041684
Josh Woodward - Cien Volando,Los Steaks - Sunday Girls,51.74740791320801,0.33344632,0.2243358624197076,-0.054357637,0.827083,1.4511932
Josh Woodward - Cien Volando,Mia Doi Todd - I gave you my home,50.37796592712402,0.63862604,-0.22670204531018875,0.9765807,-0.15737829,-0.26862726
Josh Woodward - Cien Volando,Orange Peels - Grey Holiday,50.35485649108887,-0.05002557,-0.2343133437690017,-1.3497776,0.49499628,0.87104905
Josh Woodward - Cien Volando,Poland - Lying Machine,51.04121398925781,0.5681015,-0.008255392373708391,0.73833936,0.65522826,1.1509689
Josh Woodward - Cien Volando,Shearer - Itch,50.81976509094238,0.33370975,-0.08119155818450052,-0.053467758,-0.2211603,-0.38005227
Josh Woodward - Cien Volando,Short Hand - Certain Strangers,51.74877548217773,0.41141856,0.22478628343282583,0.2090431,-0.14240958,-0.24247743
Josh Woodward - Cien Volando,The Cute Lepers - Young Hearts,49.88886451721192,-0.057321146,-0.387791948231398,-1.374423,-0.49806276,-0.86379147
Josh Woodward - Cien Volando,The Embarrassment - Patio Set,49.420501708984375,0.54390967,-0.5420514080903246,0.656616,0.80425066,1.4113059
Josh Woodward - Cien Volando,The J Arthur Keenes Band - The Boring World of Niels Bohr,49.64532852172852,0.017682632,-0.4680026960950998,-1.12105,-0.233153,-0.40100312
Josh Woodward - Cien Volando,The Oranges Band - Ride the Nuclear Wave,49.95043563842773,0.62557584,-0.36751295140497975,0.93249536,-0.43083945,-0.7463546
Josh Woodward - Cien Volando,Wann - Happy Birthday,51.7498722076416,0.37154466,0.22514749972647438,0.07434369,-0.8609993,-1.4978292
Josh Woodward - Cien Volando,ZOELEELA - Jewel,49.7342529296875,0.47428784,-0.43871465080401795,0.42142403,-0.6126744,-1.0640141
Los Steaks - Sunday Girls,Bam Bam - Hi-Q,53.67618560791016,0.28342047,0.8595959645159209,-0.22335172,0.38660887,0.6816999
Los Steaks - Sunday Girls,Benji Cossa - New Flowers (Fast 4-track Version),54.3402271270752,0.72771966,1.0783039495883262,1.2775509,-0.6221533,-1.0805734
Los Steaks - Sunday Girls,Bessie Smith - My Sweetie Went Away,49.6789436340332,0.21826659,-0.4569312596442835,-0.44345033,-0.71296734,-1.2392224
Los Steaks - Sunday Girls,David Rovics - We Just Want The World,55.05220985412598,0.23019788,1.312801798209942,-0.40314484,0.17199394,0.30677485
Los Steaks - Sunday Girls,deef - Ein sonniger Tag mit dir,52.009727478027344,0.17440635,0.31073314603963176,-0.59161615,-0.432419,-0.74911404
Los Steaks - Sunday Girls,Dragon Or Emperor - Part of Me Says,53.03570938110352,0.7601881,0.6486494182400354,1.3872337,0.71932304,1.2629403
Los Steaks - Sunday Girls,Grand Mal - Children of Light,53.413177490234375,0.26904857,0.7729718998838095,-0.27190194,0.7537126,1.3230176
Los Steaks - Sunday Girls,Home Blitz - Secret Wave,54.140506744384766,0.79969,1.0125242638074754,1.5206765,-0.7064298,-1.2278016
Los Steaks - Sunday Girls,Josh Woodward - Cien Volando,53.54665184020996,0.33344632,0.8169328651239276,-0.054357637,-0.41510007,-0.7188584
Los Steaks - Sunday Girls,Los Steaks - Sunday Girls,54.93593978881836,1.0000001,1.2745072172631957,2.197351,-0.67346925,-1.1702206
Los Steaks - Sunday Girls,Mia Doi Todd - I gave you my home,53.44376182556152,0.39207354,0.7830451229596651,0.14369303,0.12914625,0.23192139
Los Steaks - Sunday Girls,Orange Peels - Grey Holiday,53.52647018432617,-0.033405673,0.8102858571185876,-1.2936332,-0.40270093,-0.69719756
Los Steaks - Sunday Girls,Poland - Lying Machine,53.9517822265625,0.27179366,0.9503661639968362,-0.26262864,-0.5994828,-1.0409688
Los Steaks - Sunday Girls,Shearer - Itch,53.31145477294922,0.41317537,0.7394686174964366,0.21497788,0.13583003,0.24359773
Los Steaks - Sunday Girls,Short Hand - Certain Strangers,54.67595291137695,0.23103808,1.188878224994801,-0.40030652,0.31924146,0.56401134
Los Steaks - Sunday Girls,The Cute Lepers - Young Hearts,52.00507926940918,-0.04778614,0.30920221715682167,-1.3422124,0.51541585,0.9067213
Los Steaks - Sunday Girls,The Embarrassment - Patio Set,52.25798225402832,0.2557689,0.392498066269387,-0.31676248,-0.8115779,-1.4114918
Los Steaks - Sunday Girls,The J Arthur Keenes Band - The Boring World of Niels Bohr,52.69893646240234,-0.028477388,0.5377302597984028,-1.2769849,0.14926901,0.26707518
Los Steaks - Sunday Girls,The Oranges Band - Ride the Nuclear Wave,52.87321090698242,0.18801402,0.5951290993644119,-0.5456476,0.35621616,0.6286049
Los Steaks - Sunday Girls,Wann - Happy Birthday,54.79541969299317,0.69756764,1.228225672912247,1.1756934,0.71176314,1.2497333
Los Steaks - Sunday Girls,ZOELEELA - Jewel,53.31297111511231,0.20044176,0.7399680382850454,-0.50366503,0.7328489,1.2865695
Mia Doi Todd - I gave you my home,Bam Bam - Hi-Q,53.301002502441406,0.39382046,0.7360260691674259,0.14959437,-0.21831465,-0.375081
Mia Doi Todd - I gave you my home,Benji Cossa - New Flowers (Fast 4-track Version),53.46034240722656,0.36088032,0.7885060851173459,0.038318094,0.22454111,0.39857298
Mia Doi Todd - I gave you my home,Bessie Smith - My Sweetie Went Away,48.75702667236328,0.6665101,-0.7605728170945335,1.0707768,0.30271107,0.5351333
Mia Doi Todd - I gave you my home,David Rovics - We Just Want The World,54.66538238525391,0.15602815,1.1853967281263036,-0.6537002,0.05097176,0.09535322
Mia Doi Todd - I gave you my home,deef - Ein sonniger Tag mit dir,51.253902435302734,0.5494852,0.06179544050366283,0.6754509,0.21898523,0.38886705
Mia Doi Todd - I gave you my home,Dragon Or Emperor - Part of Me Says,52.60712242126465,0.34062836,0.5074904880988444,-0.030095762,-0.19257553,-0.33011565
Mia Doi Todd - I gave you my home,Grand Mal - Children of Light,52.675048828125,0.7313485,0.529862654821666,1.2898097,-0.29497457,-0.5090033
Mia Doi Todd - I gave you my home,Home Blitz - Secret Wave,52.96979141235352,0.39650345,0.6269387484862738,0.15865785,0.14982265,0.26804236
Mia Doi Todd - I gave you my home,Josh Woodward - Cien Volando,52.98636245727539,0.63862604,0.6323965696327033,0.9765807,0.14217481,0.25468186
Mia Doi Todd - I gave you my home,Los Steaks - Sunday Girls,53.75271224975586,0.39207354,0.8848006951831762,0.14369303,0.31684247,0.55982035
Mia Doi Todd - I gave you my home,Mia Doi Todd - I gave you my home,52.93717002868652,1.0,0.6161946054076088,2.1973507,0.22309901,0.39605367
Mia Doi Todd - I gave you my home,Orange Peels - Grey Holiday,53.1118392944336,-0.017478788,0.6737234828393305,-1.2398301,0.24156888,0.42831993
Mia Doi Todd - I gave you my home,Poland - Lying Machine,52.75070571899414,0.70304024,0.5547809252630057,1.1941806,0.17868668,0.31846684
Mia Doi Todd - I gave you my home,Shearer - Itch,53.17639350891113,0.32187024,0.6949849879844687,-0.09346322,-0.20035762,-0.3437107
Mia Doi Todd - I gave you my home,Short Hand - Certain Strangers,54.308876037597656,0.42064616,1.0679781892080409,0.2402152,-0.032920703,-0.05120407
Mia Doi Todd - I gave you my home,The Cute Lepers - Young Hearts,52.46515274047852,0.008355757,0.46073151003803275,-1.1525575,0.005649645,0.016177021
Mia Doi Todd - I gave you my home,The Embarrassment - Patio Set,51.827484130859375,0.76660717,0.2507096774738792,1.4089183,0.35071003,0.61898583
Mia Doi Todd - I gave you my home,The J Arthur Keenes Band - The Boring World of Niels Bohr,51.88761329650879,-0.04743556,0.2705137533994386,-1.3410281,-0.3287038,-0.56792706
Mia Doi Todd - I gave you my home,The Oranges Band - Ride the Nuclear Wave,52.16842842102051,0.6235518,0.36300271423586233,0.9256578,-0.03717022,-0.058627833
Mia Doi Todd - I gave you my home,Wann - Happy Birthday,53.89555740356445,0.31004634,0.9318480180766573,-0.13340592,-0.5292078,-0.91820085
Mia Doi Todd - I gave you my home,ZOELEELA - Jewel,52.57987594604492,0.30447114,0.498516618960173,-0.15223974,-0.28429493,-0.4903463
Orange Peels - Grey Holiday,Bam Bam - Hi-Q,47.5348014831543,0.05230108,-1.1631235623743623,-1.0041043,0.2633872,0.46643582
Orange Peels - Grey Holiday,Benji Cossa - New Flowers (Fast 4-track Version),47.81297874450684,0.011097653,-1.0715034052494368,-1.143295,0.08460177,0.1541037
Orange Peels - Grey Holiday,Bessie Smith - My Sweetie Went Away,45.01678466796875,-0.047663957,-1.992454813709558,-1.3417996,0.1390526,0.24922745
Orange Peels - Grey Holiday,David Rovics - We Just Want The World,48.38726997375488,0.2984976,-0.8823554770422898,-0.17241919,0.13913316,0.24936818
Orange Peels - Grey Holiday,deef - Ein sonniger Tag mit dir,45.69536972045898,-0.02010703,-1.7689567864822815,-1.2487086,0.70513564,1.2381554
Orange Peels - Grey Holiday,Dragon Or Emperor - Part of Me Says,46.520484924316406,0.20545746,-1.4971977496148678,-0.4867213,-0.12650008,-0.21468408
Orange Peels - Grey Holiday,Grand Mal - Children of Light,46.92888450622559,0.10181616,-1.3626877120857663,-0.8368356,-0.3781999,-0.6543951
Orange Peels - Grey Holiday,Home Blitz - Secret Wave,47.23682403564453,-0.097835876,-1.261265087054662,-1.5112872,0.09509018,0.1724266
Orange Peels - Grey Holiday,Josh Woodward - Cien Volando,46.70945549011231,-0.05002557,-1.4349586117139996,-1.3497776,-0.18374626,-0.31469122
Orange Peels - Grey Holiday,Los Steaks - Sunday Girls,48.215782165527344,-0.033405673,-0.9388365131213102,-1.2936332,0.06991019,0.12843801
Orange Peels - Grey Holiday,Mia Doi Todd - I gave you my home,47.07818031311035,-0.017478788,-1.3135158091833978,-1.2398301,0.513576,0.9035071
Orange Peels - Grey Holiday,Orange Peels - Grey Holiday,47.44267654418945,1.0000001,-1.1934657310406438,2.197351,-0.2325131,-0.39988524
Orange Peels - Grey Holiday,Poland - Lying Machine,46.96320724487305,0.05535706,-1.351383212600267,-0.99378073,-0.10273166,-0.17316145
Orange Peels - Grey Holiday,Shearer - Itch,46.922508239746094,-0.0014383104,-1.3647877922069152,-1.1856432,-0.3964579,-0.6862912
Orange Peels - Grey Holiday,Short Hand - Certain Strangers,48.1002368927002,-0.07165864,-0.9768923772131227,-1.4228569,-0.44841963,-0.7770666
Orange Peels - Grey Holiday,The Cute Lepers - Young Hearts,45.90236282348633,0.836635,-1.7007817655228687,1.6454817,0.12858717,0.23094471
Orange Peels - Grey Holiday,The Embarrassment - Patio Set,45.62727165222168,0.02191741,-1.7913854914075842,-1.1067444,0.36128372,0.6374577
Orange Peels - Grey Holiday,The J Arthur Keenes Band - The Boring World of Niels Bohr,46.33457565307617,0.7220954,-1.5584286229047732,1.2585514,-0.5049767,-0.87586987
Orange Peels - Grey Holiday,The Oranges Band - Ride the Nuclear Wave,46.290016174316406,0.021055885,-1.5731046838650562,-1.1096548,0.34629473,0.61127245
Orange Peels - Grey Holiday,Wann - Happy Birthday,47.99031448364258,-0.04759313,-1.013096301072472,-1.3415605,-0.15941651,-0.27218798
Orange Peels - Grey Holiday,ZOELEELA - Jewel,47.38897132873535,-0.04500718,-1.211154021788811,-1.3328247,-0.52843374,-0.91684854
Poland - Lying Machine,Bam Bam - Hi-Q,52.053218841552734,0.39584437,0.32505741374001573,0.15643139,0.53602374,0.9427226
Poland - Lying Machine,Benji Cossa - New Flowers (Fast 4-track Version),52.97923851013184,0.21428144,0.6300502342296298,-0.45691273,-0.78871334,-1.3715482
Poland - Lying Machine,Bessie Smith - My Sweetie Went Away,48.08475685119629,0.67637783,-0.98199086667266,1.1041113,-0.7961298,-1.3845046
Poland - Lying Machine,David Rovics - We Just Want The World,53.266998291015625,0.21382175,0.724826479457644,-0.4584656,0.29155934,0.5156516
Poland - Lying Machine,deef - Ein sonniger Tag mit dir,49.31554985046387,0.72994095,-0.5766182368866419,1.2850548,-0.35656062,-0.616592
Poland - Lying Machine,Dragon Or Emperor - Part of Me Says,51.47006988525391,0.2043505,0.13299211428470714,-0.49046078,0.8181796,1.4356394
Poland - Lying Machine,Grand Mal - Children of Light,51.28680610656738,0.83615917,0.07263255751529883,1.6438743,0.7621962,1.3378382
Poland - Lying Machine,Home Blitz - Secret Wave,52.272308349609375,0.2813447,0.39721649336778114,-0.23036392,-0.7985415,-1.3887177
Poland - Lying Machine,Josh Woodward - Cien Volando,51.8338623046875,0.5681015,0.25281038579727555,0.73833936,-0.546144,-0.94778776
Poland - Lying Machine,Los Steaks - Sunday Girls,53.23993682861328,0.27179366,0.715913545937205,-0.26262864,-0.79864395,-1.3888966
Poland - Lying Machine,Mia Doi Todd - I gave you my home,51.72621154785156,0.70304024,0.2173546508174636,1.1941806,0.16859587,0.30083853
Poland - Lying Machine,Orange Peels - Grey Holiday,51.93766403198242,0.05535706,0.2869984086369518,-0.99378073,-0.5284908,-0.9169482
Poland - Lying Machine,Poland - Lying Machine,54.89790916442871,1.0000001,1.261981492604045,2.197351,-0.685206,-1.1907244
Poland - Lying Machine,Shearer - Itch,51.48321342468262,0.16615932,0.1373210559882109,-0.6194758,0.1459238,0.26123118
Poland - Lying Machine,Short Hand - Certain Strangers,53.11393165588379,0.48958957,0.6744126207073802,0.47311535,0.32416117,0.5726059
Poland - Lying Machine,The Cute Lepers - Young Hearts,50.29147529602051,0.053494148,-0.2551885045305033,-1.0000739,0.6119699,1.075398
Poland - Lying Machine,The Embarrassment - Patio Set,50.91078567504883,0.8606217,-0.05121311862086469,1.726512,-0.85230595,-1.4826423
Poland - Lying Machine,The J Arthur Keenes Band - The Boring World of Niels Bohr,51.21577835083008,-0.07636078,0.04923893393427088,-1.4387414,0.13116528,0.23544857
Poland - Lying Machine,The Oranges Band - Ride the Nuclear Wave,51.484405517578125,0.6788752,0.13771368239434809,1.1125479,0.4788375,0.84282017
Poland - Lying Machine,Wann - Happy Birthday,54.19586563110352,0.2127505,1.0307572059062384,-0.46208447,0.8626362,1.5133035
Poland - Lying Machine,ZOELEELA - Jewel,50.34455680847168,0.4296615,-0.23770563591802693,0.27067026,0.6315499,1.1096035
Shearer - Itch,Bam Bam - Hi-Q,51.594974517822266,0.20389813,0.17413056681638386,-0.49198893,-0.27499616,-0.47410166
Shearer - Itch,Benji Cossa - New Flowers (Fast 4-track Version),52.1005916595459,0.51224875,0.34066007301878237,0.54966116,0.13806294,0.24749856
Shearer - Itch,Bessie Smith - My Sweetie Went Away,47.12621307373047,0.22343823,-1.2976957919261938,-0.42597982,0.26363438,0.46686763
Shearer - Itch,David Rovics - We Just Want The World,52.90158462524414,0.57182664,0.6044742360327267,0.7509233,0.0028444827,0.0112764975
Shearer - Itch,deef - Ein sonniger Tag mit dir,49.58247375488281,0.17278516,-0.48870447303565356,-0.59709275,-0.29619282,-0.5111315
Shearer - Itch,Dragon Or Emperor - Part of Me Says,50.667123794555664,0.36072016,-0.1314653278330546,0.03777706,0.011887742,0.027074765
Shearer - Itch,Grand Mal - Children of Light,50.094993591308594,0.11807723,-0.3199015028911583,-0.7819035,-0.27875087,-0.480661
Shearer - Itch,Home Blitz - Secret Wave,50.99821090698242,0.60498565,-0.02241884029813859,0.86293894,-0.047071856,-0.075925656
Shearer - Itch,Josh Woodward - Cien Volando,51.63311195373535,0.33370975,0.18669147080152454,-0.053467758,-0.08021204,-0.13382044
Shearer - Itch,Los Steaks - Sunday Girls,52.1623420715332,0.41317537,0.3609981208566883,0.21497788,0.3665772,0.64670527
Shearer - Itch,Mia Doi Todd - I gave you my home,51.510379791259766,0.32187024,0.14626854063238987,-0.09346322,0.13190868,0.23674728
Shearer - Itch,Orange Peels - Grey Holiday,51.46942901611328,-0.0014383104,0.13278103832876545,-1.1856432,0.3176778,0.56127965
Shearer - Itch,Poland - Lying Machine,51.68419647216797,0.16615932,0.2035166116584399,-0.6194758,0.24697313,0.43776098
Shearer - Itch,Shearer - Itch,52.70425796508789,1.0000001,0.5394829440754015,2.197351,-0.018029522,-0.025189681
Shearer - Itch,Short Hand - Certain Strangers,52.6435775756836,0.12885426,0.5194973176996467,-0.7454973,0.47833806,0.8419477
Shearer - Itch,The Cute Lepers - Young Hearts,52.0426082611084,-0.091313064,0.32156272462426994,-1.4892522,-0.048261605,-0.07800411
Shearer - Itch,The Embarrassment - Patio Set,49.88060569763184,0.15188263,-0.3905120639731164,-0.66770434,0.21432483,0.3807255
Shearer - Itch,The J Arthur Keenes Band - The Boring World of Niels Bohr,49.59885215759277,0.063493475,-0.48331010031645366,-0.9662949,0.041519277,0.078840055
Shearer - Itch,The Oranges Band - Ride the Nuclear Wave,50.16604995727539,0.24601334,-0.2964984562763831,-0.34971806,-0.05890551,-0.09659864
Shearer - Itch,Wann - Happy Birthday,52.82972717285156,0.5316136,0.5808073444730272,0.61507815,-0.365397,-0.6320289
Shearer - Itch,ZOELEELA - Jewel,50.48309516906738,0.14207198,-0.19207679370463818,-0.700846,-0.071519315,-0.118634544
Short Hand - Certain Strangers,Bam Bam - Hi-Q,52.015403747558594,0.33849317,0.31260267593509455,-0.037308715,0.5615962,0.98739684
Short Hand - Certain Strangers,Benji Cossa - New Flowers (Fast 4-track Version),52.21492576599121,0.24146242,0.3783170286819618,-0.36509168,-0.7982072,-1.3881336
Short Hand - Certain Strangers,Bessie Smith - My Sweetie Went Away,46.726877212524414,0.4703267,-1.4292206123641507,0.40804276,-0.77696747,-1.3510286
Short Hand - Certain Strangers,David Rovics - We Just Want The World,53.28257942199707,0.11409365,0.7299582636364194,-0.7953606,0.25437936,0.45069942
Short Hand - Certain Strangers,deef - Ein sonniger Tag mit dir,49.47190475463867,0.73799753,-0.5251213574576894,1.312271,-0.32380444,-0.5593681
Short Hand - Certain Strangers,Dragon Or Emperor - Part of Me Says,51.41293716430664,0.15523061,0.11417494409361183,-0.6563944,0.8612552,1.510891
Short Hand - Certain Strangers,Grand Mal - Children of Light,50.77524185180664,0.5554472,-0.09585568330203685,0.6955914,0.6719698,1.1802157
Short Hand - Certain Strangers,Home Blitz - Secret Wave,51.89752960205078,0.30140042,0.2737797768962501,-0.16261302,-0.82835555,-1.4408017
Short Hand - Certain Strangers,Josh Woodward - Cien Volando,51.53159713745117,0.41141856,0.15325666245938188,0.2090431,-0.57731634,-1.0022448
Short Hand - Certain Strangers,Los Steaks - Sunday Girls,52.72685623168945,0.23103808,0.5469258843312629,-0.40030652,-0.74248016,-1.2907803
Short Hand - Certain Strangers,Mia Doi Todd - I gave you my home,51.32670593261719,0.42064616,0.08577392037927273,0.2402152,0.21785867,0.386899
Short Hand - Certain Strangers,Orange Peels - Grey Holiday,51.329132080078125,-0.07165864,0.08657299364104311,-1.4228569,-0.49331158,-0.8554913
Short Hand - Certain Strangers,Poland - Lying Machine,51.73244094848633,0.48958957,0.21940635936537406,0.47311535,-0.6632858,-1.1524305
Short Hand - Certain Strangers,Shearer - Itch,52.06451034545898,0.12885426,0.32877637105894475,-0.7454973,0.042203408,0.0800352
Short Hand - Certain Strangers,Short Hand - Certain Strangers,53.00964546203613,1.0000001,0.6400650344962497,2.197351,0.34147882,0.60285926
Short Hand - Certain Strangers,The Cute Lepers - Young Hearts,51.52250480651856,-0.056706503,0.1502620223344947,-1.3723466,0.6517502,1.1448928
Short Hand - Certain Strangers,The Embarrassment - Patio Set,50.32262420654297,0.5844122,-0.24492933358870123,0.7934391,-0.7975393,-1.3869668
Short Hand - Certain Strangers,The J Arthur Keenes Band - The Boring World of Niels Bohr,50.04240417480469,0.0074392688,-0.33722229532318126,-1.1556536,0.120983504,0.21766135
Short Hand - Certain Strangers,The Oranges Band - Ride the Nuclear Wave,50.61703681945801,0.5821136,-0.14796191891331437,0.7856741,0.5086769,0.8949486
Short Hand - Certain Strangers,Wann - Happy Birthday,53.16251373291016,0.38899723,0.6904135602125346,0.13330083,0.79984206,1.4036043
Short Hand - Certain Strangers,ZOELEELA - Jewel,50.91012573242188,0.66953,-0.05143047659929989,1.0809784,0.5328123,0.93711233
The Cute Lepers - Young Hearts,Bam Bam - Hi-Q,52.4376163482666,0.0817827,0.4516621541573865,-0.9045114,0.84296966,1.4789467
The Cute Lepers - Young Hearts,Benji Cossa - New Flowers (Fast 4-track Version),52.9468002319336,0.02483496,0.6193663985669497,-1.0968885,-0.6974292,-1.2120779
The Cute Lepers - Young Hearts,Bessie Smith - My Sweetie Went Away,47.626142501831055,-0.0638494,-1.1330395848327568,-1.3964763,-0.78587043,-1.3665817
The Cute Lepers - Young Hearts,David Rovics - We Just Want The World,53.9539680480957,0.28059614,0.9510860837751293,-0.2328927,0.37163615,0.6555431
The Cute Lepers - Young Hearts,deef - Ein sonniger Tag mit dir,50.64890098571777,-0.02907205,-0.13746717212783,-1.2789937,0.35691226,0.6298209
The Cute Lepers - Young Hearts,Dragon Or Emperor - Part of Me Says,51.69432067871094,0.23381676,0.20685110920048175,-0.39091977,0.6083018,1.06899
The Cute Lepers - Young Hearts,Grand Mal - Children of Light,51.62126731872559,0.07095255,0.18279033483014784,-0.941097,0.6203851,1.0900991
The Cute Lepers - Young Hearts,Home Blitz - Secret Wave,52.64045715332031,-0.1518813,0.5184695788189396,-1.6938599,-0.5896444,-1.0237814
The Cute Lepers - Young Hearts,Josh Woodward - Cien Volando,52.24179458618164,-0.057321146,0.387166513775169,-1.374423,-0.59829366,-1.0388914
The Cute Lepers - Young Hearts,Los Steaks - Sunday Girls,53.51692199707031,-0.04778614,0.8071410766559912,-1.3422124,-0.83125836,-1.4458729
The Cute Lepers - Young Hearts,Mia Doi Todd - I gave you my home,52.18681526184082,0.008355757,0.3690585839241222,-1.1525575,0.3756315,0.6625228
The Cute Lepers - Young Hearts,Orange Peels - Grey Holiday,52.0694694519043,0.836635,0.33040969690847777,1.6454817,-0.8486414,-1.4762404
The Cute Lepers - Young Hearts,Poland - Lying Machine,52.58955764770508,0.053494148,0.5017053735802568,-1.0000739,-0.81160945,-1.4115468
The Cute Lepers - Young Hearts,Shearer - Itch,52.92124938964844,-0.091313064,0.6109510012283655,-1.4892522,-0.28893057,-0.4984446
The Cute Lepers - Young Hearts,Short Hand - Certain Strangers,53.541147232055664,-0.056706503,0.8151198734309486,-1.3723466,-0.26204133,-0.45147002
The Cute Lepers - Young Hearts,The Cute Lepers - Young Hearts,51.94546127319336,1.0,0.28956649943421386,2.1973507,0.690115,1.2119148
The Cute Lepers - Young Hearts,The Embarrassment - Patio Set,50.95578193664551,0.018696122,-0.03639319934537313,-1.1176263,-0.65681875,-1.1411328
The Cute Lepers - Young Hearts,The J Arthur Keenes Band - The Boring World of Niels Bohr,50.83097076416016,0.71086395,-0.07750086996680869,1.2206101,-0.36160484,-0.6254041
The Cute Lepers - Young Hearts,The Oranges Band - Ride the Nuclear Wave,51.427433013916016,-0.07452841,0.11894928119223994,-1.4325515,0.6891026,1.2101462
The Cute Lepers - Young Hearts,Wann - Happy Birthday,53.620338439941406,-0.095802166,0.8412022026412039,-1.5044171,0.81067395,1.4225272
The Cute Lepers - Young Hearts,ZOELEELA - Jewel,51.63763236999512,-0.015960125,0.18818031013359673,-1.2346998,0.19895558,0.35387594
The Embarrassment - Patio Set,Bam Bam - Hi-Q,52.41135215759277,0.3825261,0.4430118091773721,0.11144048,0.10376151,0.18757512
The Embarrassment - Patio Set,Benji Cossa - New Flowers (Fast 4-track Version),52.601165771484375,0.17938147,0.5055286124726581,-0.5748095,0.0952212,0.17265548
The Embarrassment - Patio Set,Bessie Smith - My Sweetie Went Away,47.27977561950684,0.7477454,-1.2471186005909745,1.3452007,-0.15171091,-0.25872654
The Embarrassment - Patio Set,David Rovics - We Just Want The World,53.91752243041992,0.10060625,0.9390823951855786,-0.8409229,-0.29396355,-0.5072371
The Embarrassment - Patio Set,deef - Ein sonniger Tag mit dir,51.12596702575684,0.7620716,0.019658774597022945,1.3935965,0.13123092,0.23556325
The Embarrassment - Patio Set,Dragon Or Emperor - Part of Me Says,52.23213577270508,0.19287099,0.38398529758208305,-0.52924013,-0.22417617,-0.3853209
The Embarrassment - Patio Set,Grand Mal - Children of Light,52.22765350341797,0.92361546,0.3825090222950073,1.9393133,0.20793648,0.36956525
The Embarrassment - Patio Set,Home Blitz - Secret Wave,52.681283950805664,0.25520384,0.5319162479763259,-0.31867132,0.24678549,0.43743318
The Embarrassment - Patio Set,Josh Woodward - Cien Volando,51.87681579589844,0.54390967,0.2669575004632105,0.656616,0.17500842,0.31204104
The Embarrassment - Patio Set,Los Steaks - Sunday Girls,53.49667167663574,0.2557689,0.8004714533696577,-0.31676248,-0.30784747,-0.5314918
The Embarrassment - Patio Set,Mia Doi Todd - I gave you my home,52.0373649597168,0.76660717,0.3198357966395161,1.4089183,-0.18993083,-0.32549545
The Embarrassment - Patio Set,Orange Peels - Grey Holiday,51.94579315185547,0.02191741,0.2896758066256825,-1.1067444,-0.15452984,-0.2636511
The Embarrassment - Patio Set,Poland - Lying Machine,52.46247863769531,0.8606217,0.4598507704837835,1.726512,-0.09894106,-0.1665394
The Embarrassment - Patio Set,Shearer - Itch,52.006954193115234,0.15188263,0.3098197399683942,-0.66770434,0.1303631,0.2340472
The Embarrassment - Patio Set,Short Hand - Certain Strangers,53.444435119628906,0.5844122,0.7832668783538513,0.7934391,-0.3754131,-0.64952666
The Embarrassment - Patio Set,The Cute Lepers - Young Hearts,51.32395362854004,0.018696122,0.0848674245327832,-1.1176263,-0.2063714,-0.35421655
The Embarrassment - Patio Set,The Embarrassment - Patio Set,51.68658828735352,1.0000001,0.2043043772797159,2.197351,-0.13606222,-0.2313888
The Embarrassment - Patio Set,The J Arthur Keenes Band - The Boring World of Niels Bohr,51.93398094177246,-0.119015835,0.28578535009255035,-1.582836,0.11821795,0.21283004
The Embarrassment - Patio Set,The Oranges Band - Ride the Nuclear Wave,51.96531295776367,0.75633615,0.29610482845033514,1.3742213,-0.07539277,-0.12540133
The Embarrassment - Patio Set,Wann - Happy Birthday,53.28546905517578,0.18823338,0.7309099900448959,-0.5449066,0.29815105,0.5271671
The Embarrassment - Patio Set,ZOELEELA - Jewel,51.90370178222656,0.43541378,0.275812639376666,0.2901022,0.09029734,0.16405366
The J Arthur Keenes Band - The Boring World of Niels Bohr,Bam Bam - Hi-Q,51.60487365722656,0.1995707,0.17739093649294702,-0.5066076,-0.7853626,-1.3656945
The J Arthur Keenes Band - The Boring World of Niels Bohr,Benji Cossa - New Flowers (Fast 4-track Version),51.78421401977539,-0.00514968,0.23645828123447427,-1.1981808,0.7074249,1.2421546
The J Arthur Keenes Band - The Boring World of Niels Bohr,Bessie Smith - My Sweetie Went Away,47.12252998352051,0.015997097,-1.2989088504705952,-1.126744,0.913548,1.6022446
The J Arthur Keenes Band - The Boring World of Niels Bohr,David Rovics - We Just Want The World,52.732051849365234,0.31067607,0.5486371072597711,-0.13127863,-0.2096684,-0.3599763
The J Arthur Keenes Band - The Boring World of Niels Bohr,deef - Ein sonniger Tag mit dir,50.02299499511719,-0.0071068984,-0.3436148814173444,-1.2047925,-0.09645926,-0.16220379
The J Arthur Keenes Band - The Boring World of Niels Bohr,Dragon Or Emperor - Part of Me Says,51.162384033203125,0.1653136,0.03165304015282411,-0.6223327,-0.72508144,-1.2603854
The J Arthur Keenes Band - The Boring World of Niels Bohr,Grand Mal - Children of Light,50.78416633605957,-0.046933074,-0.09291632497513147,-1.3393307,-0.7779915,-1.3528174
The J Arthur Keenes Band - The Boring World of Niels Bohr,Home Blitz - Secret Wave,51.30853462219238,-0.03222326,0.07978903754524246,-1.2896389,0.7081987,1.2435064
The J Arthur Keenes Band - The Boring World of Niels Bohr,Josh Woodward - Cien Volando,51.34179496765137,0.017682632,0.0907436283775947,-1.12105,0.51776916,0.91083246
The J Arthur Keenes Band - The Boring World of Niels Bohr,Los Steaks - Sunday Girls,52.04023742675781,-0.028477388,0.32078186922774427,-1.2769849,0.9135866,1.6023121
The J Arthur Keenes Band - The Boring World of Niels Bohr,Mia Doi Todd - I gave you my home,51.27081871032715,-0.04743556,0.06736696625731188,-1.3410281,-0.3409975,-0.58940375
The J Arthur Keenes Band - The Boring World of Niels Bohr,Orange Peels - Grey Holiday,51.29528999328613,0.7220954,0.07542680112249592,1.2585514,0.7676625,1.3473877
The J Arthur Keenes Band - The Boring World of Niels Bohr,Poland - Lying Machine,51.37203598022461,-0.07636078,0.1007037750484827,-1.4387414,0.87062263,1.5272555
The J Arthur Keenes Band - The Boring World of Niels Bohr,Shearer - Itch,51.33238410949707,0.063493475,0.08764407847698534,-0.9662949,0.22072017,0.39189795
The J Arthur Keenes Band - The Boring World of Niels Bohr,Short Hand - Certain Strangers,52.45759963989258,0.0074392688,0.45824382912874523,-1.1556536,0.13947575,0.24996668
The J Arthur Keenes Band - The Boring World of Niels Bohr,The Cute Lepers - Young Hearts,50.77564239501953,0.71086395,-0.09572376082957476,1.2206101,-0.70756036,-1.2297766
The J Arthur Keenes Band - The Boring World of Niels Bohr,The Embarrassment - Patio Set,50.12745475769043,-0.119015835,-0.30921012880148047,-1.582836,0.86806035,1.5227793
The J Arthur Keenes Band - The Boring World of Niels Bohr,The J Arthur Keenes Band - The Boring World of Niels Bohr,50.76717948913574,1.0,-0.09851109421202384,2.1973507,0.23186624,0.41136974
The J Arthur Keenes Band - The Boring World of Niels Bohr,The Oranges Band - Ride the Nuclear Wave,50.75470542907715,0.040585726,-0.10261953692584329,-1.0436803,-0.63563246,-1.1041211
The J Arthur Keenes Band - The Boring World of Niels Bohr,Wann - Happy Birthday,52.36494255065918,0.03263385,0.42772639203476426,-1.0705428,-0.89392525,-1.5553498
The J Arthur Keenes Band - The Boring World of Niels Bohr,ZOELEELA - Jewel,50.70408248901367,-0.008984117,-0.11929265283830236,-1.211134,-0.41905525,-0.725768
The Oranges Band - Ride the Nuclear Wave,Bam Bam - Hi-Q,52.30958938598633,0.47688478,0.4094953345427529,0.43019685,0.8770803,1.5385369
The Oranges Band - Ride the Nuclear Wave,Benji Cossa - New Flowers (Fast 4-track Version),52.269161224365234,0.20379871,0.396179959655579,-0.4923248,-0.7255646,-1.2612294
The Oranges Band - Ride the Nuclear Wave,Bessie Smith - My Sweetie Went Away,47.22831535339356,0.84033966,-1.2640674972911043,1.6579965,-0.9202987,-1.6014233
The Oranges Band - Ride the Nuclear Wave,David Rovics - We Just Want The World,53.680477142333984,0.21251781,0.8610094195780125,-0.46287048,0.2624285,0.464761
The Oranges Band - Ride the Nuclear Wave,deef - Ein sonniger Tag mit dir,50.26371574401856,0.8319177,-0.2643313600743738,1.629546,0.2708638,0.4794972
The Oranges Band - Ride the Nuclear Wave,Dragon Or Emperor - Part of Me Says,52.0064754486084,0.18339217,0.3096620612036895,-0.5612609,0.7639723,1.340941
The Oranges Band - Ride the Nuclear Wave,Grand Mal - Children of Light,51.748735427856445,0.74444985,0.22477309118558197,1.3340678,0.7103429,1.2472522
The Oranges Band - Ride the Nuclear Wave,Home Blitz - Secret Wave,52.11934280395508,0.30463827,0.3468359293367578,-0.15167515,-0.7536777,-1.3103421
The Oranges Band - Ride the Nuclear Wave,Josh Woodward - Cien Volando,51.70878791809082,0.62557584,0.21161602326536258,0.93249536,-0.66876036,-1.1619943
The Oranges Band - Ride the Nuclear Wave,Los Steaks - Sunday Girls,52.83817672729492,0.18801402,0.5835902804397275,-0.5456476,-0.93367827,-1.624797
The Oranges Band - Ride the Nuclear Wave,Mia Doi Todd - I gave you my home,51.68409729003906,0.6235518,0.2034839451414493,0.9256578,0.54638207,0.96081823
The Oranges Band - Ride the Nuclear Wave,Orange Peels - Grey Holiday,51.81064414978027,0.021055885,0.24516327981022293,-1.1096548,-0.8568646,-1.4906061
The Oranges Band - Ride the Nuclear Wave,Poland - Lying Machine,51.794708251953125,0.6788752,0.2399146500129811,1.1125479,-0.94180316,-1.6389909
The Oranges Band - Ride the Nuclear Wave,Shearer - Itch,51.825246810913086,0.24601334,0.24997279623484095,-0.34971806,-0.35236928,-0.60926986
The Oranges Band - Ride the Nuclear Wave,Short Hand - Certain Strangers,53.23170471191406,0.5821136,0.7132022250269842,0.7856741,-0.16523387,-0.2823507
The Oranges Band - Ride the Nuclear Wave,The Cute Lepers - Young Hearts,51.39912796020508,-0.07452841,0.10962675980491872,-1.4325515,0.8195865,1.4380971
The Oranges Band - Ride the Nuclear Wave,The Embarrassment - Patio Set,51.06974983215332,0.75633615,0.001143141485840984,1.3742213,-0.80305475,-1.3966022
The Oranges Band - Ride the Nuclear Wave,The J Arthur Keenes Band - The Boring World of Niels Bohr,51.35612487792969,0.040585726,0.09546331188048852,-1.0436803,-0.4232282,-0.73305804
The Oranges Band - Ride the Nuclear Wave,The Oranges Band - Ride the Nuclear Wave,51.3214225769043,1.0000004,0.08403380014727274,2.197352,0.8042341,1.4112769
The Oranges Band - Ride the Nuclear Wave,Wann - Happy Birthday,52.99437713623047,0.21787708,0.6350362754864447,-0.44476616,0.8676627,1.5220847
The Oranges Band - Ride the Nuclear Wave,ZOELEELA - Jewel,51.418556213378906,0.4330867,0.11602562792158004,0.282241,0.28697038,0.5076348
Wann - Happy Birthday,Bam Bam - Hi-Q,49.27650451660156,0.3653359,-0.5894781651426967,0.0533697,0.71007633,1.2467866
Wann - Happy Birthday,Benji Cossa - New Flowers (Fast 4-track Version),49.81097602844238,0.7970794,-0.413445215305029,1.5118575,-0.36907393,-0.63845235
Wann - Happy Birthday,Bessie Smith - My Sweetie Went Away,45.86309242248535,0.23841244,-1.7137158216444024,-0.37539494,-0.3618364,-0.62580866
Wann - Happy Birthday,David Rovics - We Just Want The World,50.48217391967773,0.32343233,-0.19238021539130332,-0.08818627,0.28252283,0.4998651
Wann - Happy Birthday,deef - Ein sonniger Tag mit dir,47.74099349975586,0.28281328,-1.0952123863598764,-0.22540289,0.7543731,1.3241715
Wann - Happy Birthday,Dragon Or Emperor - Part of Me Says,48.439266204833984,0.47243363,-0.8652300555099607,0.41516027,0.2658115,0.470671
Wann - Happy Birthday,Grand Mal - Children of Light,48.65859413146973,0.22032289,-0.7929924506009679,-0.4365039,0.05351012,0.099787645
Wann - Happy Birthday,Home Blitz - Secret Wave,49.36081504821777,0.8758752,-0.5617097410939259,1.7780404,-0.25713125,-0.44289228
Wann - Happy Birthday,Josh Woodward - Cien Volando,49.2574577331543,0.37154466,-0.5957513928093942,0.07434369,-0.4192693,-0.7261419
Wann - Happy Birthday,Los Steaks - Sunday Girls,50.29580879211426,0.69756764,-0.25376122901891346,1.1756934,-0.42579848,-0.7375482
Wann - Happy Birthday,Mia Doi Todd - I gave you my home,49.03760719299317,0.31004634,-0.6681611251348352,-0.13340592,0.46083868,0.81137687
Wann - Happy Birthday,Orange Peels - Grey Holiday,49.22851943969727,-0.04759313,-0.6052824773436531,-1.3415605,-0.66515887,-1.1557027
Wann - Happy Birthday,Poland - Lying Machine,49.265005111694336,0.2127505,-0.5932655965068584,-0.46208447,-0.534463,-0.9273814
Wann - Happy Birthday,Shearer - Itch,48.98188781738281,0.5316136,-0.6865127974588143,0.61507815,-0.5352333,-0.92872715
Wann - Happy Birthday,Short Hand - Certain Strangers,50.14507293701172,0.38899723,-0.30340742461989784,0.13330083,-0.51365656,-0.8910333
Wann - Happy Birthday,The Cute Lepers - Young Hearts,47.75188064575195,-0.095802166,-1.0916266079179067,-1.5044171,0.50846744,0.8945827
Wann - Happy Birthday,The Embarrassment - Patio Set,47.75824165344238,0.18823338,-1.0895315534147587,-0.5449066,-0.13174674,-0.2238498
Wann - Happy Birthday,The J Arthur Keenes Band - The Boring World of Niels Bohr,48.2448844909668,0.03263385,-0.9292514031935645,-1.0705428,-0.6131116,-1.0647779
Wann - Happy Birthday,The Oranges Band - Ride the Nuclear Wave,48.35623550415039,0.21787708,-0.8925769558491027,-0.44476616,0.58760905,1.0328404
Wann - Happy Birthday,Wann - Happy Birthday,49.89386749267578,1.0,-0.38614417373012383,2.1973507,0.35399824,0.6247302
Wann - Happy Birthday,ZOELEELA - Jewel,48.7765064239502,0.38062721,-0.7541569875171247,0.10502579,-0.33021498,-0.5705671
ZOELEELA - Jewel,Bam Bam - Hi-Q,53.856781005859375,0.44929692,0.919076666337827,0.33700135,-0.90359086,-1.5722353
ZOELEELA - Jewel,Benji Cossa - New Flowers (Fast 4-track Version),53.96770095825195,0.25472736,0.9556091399738297,-0.3202809,0.622521,1.0938303
ZOELEELA - Jewel,Bessie Smith - My Sweetie Went Away,48.08796501159668,0.48317513,-0.9809342304884636,0.4514465,0.7067404,1.2409588
ZOELEELA - Jewel,David Rovics - We Just Want The World,54.77952575683594,0.23641604,1.2229908635644988,-0.38213906,-0.41950703,-0.72655725
ZOELEELA - Jewel,deef - Ein sonniger Tag mit dir,50.865867614746094,0.63855904,-0.06600728160411365,0.97635436,-0.51340884,-0.89060056
ZOELEELA - Jewel,Dragon Or Emperor - Part of Me Says,53.41021156311035,0.11822031,0.7719950453853403,-0.78142023,-0.67950344,-1.1807622
ZOELEELA - Jewel,Grand Mal - Children of Light,52.27223205566406,0.43180522,0.39719136527778837,0.27791202,-0.39178807,-0.6781332
ZOELEELA - Jewel,Home Blitz - Secret Wave,53.61284255981445,0.28905463,0.8387333677994133,-0.20431878,0.69767326,1.2251189
ZOELEELA - Jewel,Josh Woodward - Cien Volando,53.47482681274414,0.47428784,0.7932766530024751,0.42142403,0.7543069,1.3240559
ZOELEELA - Jewel,Los Steaks - Sunday Girls,54.305978775024414,0.20044176,1.0670239499905652,-0.50366503,0.6393369,1.1232072
ZOELEELA - Jewel,Mia Doi Todd - I gave you my home,52.95100212097168,0.30447114,0.6207503281232998,-0.15223974,-0.71008,-1.2341784
ZOELEELA - Jewel,Orange Peels - Grey Holiday,52.83166313171387,-0.04500718,0.581444969756594,-1.3328247,0.8824284,1.5478798
ZOELEELA - Jewel,Poland - Lying Machine,53.42577934265137,0.4296615,0.777122432148367,0.27067026,0.8524987,1.4955937
ZOELEELA - Jewel,Shearer - Itch,53.6703987121582,0.14207198,0.8576899988899662,-0.700846,0.72214174,1.2678645
ZOELEELA - Jewel,Short Hand - Certain Strangers,54.82284927368164,0.66953,1.2372598494668987,1.0809784,0.17495629,0.31195
ZOELEELA - Jewel,The Cute Lepers - Young Hearts,53.40451622009277,-0.015960125,0.7701192334673793,-1.2346998,-0.8959366,-1.5588635
ZOELEELA - Jewel,The Embarrassment - Patio Set,51.93669128417969,0.43541378,0.28667802548954385,0.2901022,0.5389618,0.94785535
ZOELEELA - Jewel,The J Arthur Keenes Band - The Boring World of Niels Bohr,51.58501052856445,-0.008984117,0.17084883826332684,-1.211134,0.7913657,1.3887963
ZOELEELA - Jewel,The Oranges Band - Ride the Nuclear Wave,52.47885513305664,0.4330867,0.4652445150007336,0.282241,-0.8882759,-1.5454806
ZOELEELA - Jewel,Wann - Happy Birthday,55.15170860290527,0.38062721,1.3455725967740255,0.10502579,-0.57000554,-0.98947304
ZOELEELA - Jewel,ZOELEELA - Jewel,52.45336532592773,0.99999964,0.45684922013414364,2.1973495,0.06034991,0.11173653
